age_group,users,online_ratio_avg
65岁以上,42967,0.38183332933126535
45-54,251434,0.364571990348502
55-64,137425,0.35504117447263683
18-24,342737,0.33855407083164163
35-44,167283,0.33248811100724834
25-34,389556,0.3136479844258166
17岁以下,9007,0.2685034005444732
未知,15723,0.25532202194674436
