rfm_segment,users,total_gmv,avg_freq,avg_recency,median_interval,user_pct,gmv_pct
高价值活跃,142665,339171.3140847452,83.5591911120457,12.351515788735849,10.196969696969695,10.519993628938776,38.741087266745424
活跃用户,278725,269529.6806440673,36.02794151941878,48.048825903668494,19.125,20.552940274250588,30.786426932912242
一般用户,361442,135728.30886440654,13.829040343955601,404.88995191483,8.666666666666666,26.652420265873822,15.503263512933534
潜在流失,317919,115663.51761016929,12.847137163868783,98.75119134119068,14.35,23.443071913353567,13.211407460581148
已流失,255381,15389.355508474553,1.8652718878851597,476.23681871399987,0.0,18.831573917583246,1.7578148268276477
