AgeGroup,Users,OnlineRatio
65岁以上,42967,0.3818333293312653
45-54,251434,0.364571990348502
55-64,137425,0.3550411744726368
18-24,342737,0.3385540708316416
35-44,167283,0.3324881110072483
25-34,389556,0.3136479844258166
17岁以下,9007,0.2685034005444732
未知,15723,0.2553220219467443
