Segment,Users,UserPct,GMVPct,AvgFreq,AvgRecency
高价值活跃,142665,10.519993628938776,38.741087266745424,83.5591911120457,12.351515788735847
活跃用户,278725,20.552940274250588,30.78642693291224,36.02794151941878,48.048825903668494
一般用户,361442,26.652420265873825,15.503263512933534,13.8290403439556,404.88995191483
潜在流失,317919,23.443071913353567,13.211407460581148,12.847137163868783,98.75119134119068
已流失,255381,18.83157391758325,1.7578148268276477,1.86527188788516,476.2368187139999
